<application>
  <component name="FileTypeManager" version="18">
    <extensionMap>
      <mapping pattern="RandomAccessFilex.text" type="AUTO_DETECTED" />
      <mapping pattern="WriteLove" type="AUTO_DETECTED" />
      <mapping pattern="MissingYou" type="AUTO_DETECTED" />
      <mapping pattern="RandomAccessFilex.txt" type="AUTO_DETECTED" />
      <mapping ext="space.kts" type="Kotlin" />
      <mapping ext="gradle.kts" type="Kotlin" />
      <mapping ext="main.kts" type="Kotlin" />
      <mapping ext="text" type="PLAIN_TEXT" />
      <removed_mapping ext="apk" approved="true" type="ARCHIVE" />
      <removed_mapping ext="psd" approved="true" type="Image" />
    </extensionMap>
  </component>
</application>